RewriteEngine on
RewriteCond %{THE_REQUEST} /([^.]+)\.html [NC]
RewriteRule ^ /%1 [NC,L,R]

RewriteEngine On
RewriteCond %{HTTPS} off [OR]
RewriteCond %{HTTP_HOST} ^www\. [NC]
RewriteRule ^ https://rareosphere.com%{REQUEST_URI} [L,R=301]

RewriteCond %{REQUEST_FILENAME}.html -f
RewriteRule ^ %{REQUEST_URI}.html [NC,L]

RewriteRule ^categories/home-office-decor/$ https://rareosphere.com/home-office-decor/ [R=301,L]
RewriteRule ^categories/bathroom-accessories/$ https://rareosphere.com/bathroom-accessories/ [R=301,L]
RewriteRule ^categories/bike-and-car-gadgets/$ https://rareosphere.com/bike-and-car-gadgets/ [R=301,L]
RewriteRule ^categories/daily-life-hack/$ https://rareosphere.com/daily-life-hack/ [R=301,L]
RewriteRule ^categories/health-and-fitness/$ https://rareosphere.com/health-and-fitness/ [R=301,L]
RewriteRule ^categories/home-improvement-gadgets/$ https://rareosphere.com/smart-home/ [R=301,L]
RewriteRule ^categories/kids-and-babies/$ https://rareosphere.com/kids-and-babies-care/ [R=301,L]
RewriteRule ^categories/kitchen-accessories/$ https://rareosphere.com/kitchen-accessories/ [R=301,L]
RewriteRule ^categories/ladies-products/$ https://rareosphere.com/beauty-and-personal-care/ [R=301,L]
RewriteRule ^categories/smart-tech/$ https://rareosphere.com/electronic-gadgets/ [R=301,L]
RewriteRule ^categories/Home-Office-Decor/3d-removable-wall-stickers /categories/home-office-decor/3d-removable-wall-stickers [R=301,L]
Redirect 301 /categories/Ladies-Products/Electric-Hair-Straightener-Brush /categories/ladies-products/electric-hair-straightener-brush
Redirect 301 /categories/Ladies-Products/Trifold-Lighted-Vanity-Makeup-Mirror /categories/ladies-products/trifold-lighted-vanity-makeup-mirror
Redirect 301 /categories/Health-and-Fitness/automatic-rebound-abdominal-wheel /categories/health-and-fitness/automatic-rebound-abdominal-wheel
Redirect 301 /categories/Kitchen-Accessories/Professional-4-In-1-Stainless-Steel-Watermelon-Cutter-Fruit-Carving-Tools-Set /categories/kitchen-accessories/professional-4-in-1-stainless-steel-watermelon-cutter-fruit-carving-tools-set
Redirect 301 /categories/Smart-Tech/Vacuum-Mobile-Holder /categories/smart-tech/vacuum-mobile-holder
Redirect 301 /categories/Daily-Life-Hack/2-in-1-Portable-Laundry-Rolling-Soap-Box /categories/daily-life-hack/2-in-1-portable-laundry-rolling-soap-box
Redirect 301 /categories/Kids-and-Babies/EPP-Foam-RC-Aircraft-Fighter-with-LED-Light /categories/kids-and-babies/epp-foam-rc-aircraft-fighter-with-led-light
Redirect 301 /categories/Smart-Tech/Automatic-Magnetic-Self-Stirring-Coffee-Mug-with-Lid /categories/smart-tech/automatic-magnetic-self-stirring-coffee-mug-with-lid
Redirect 301 /categories/Health-and-Fitness/Manual-Neck-Massager-For-Neck-and-Shoulder /categories/health-and-fitness/manual-neck-massager-for-neck-and-shoulder
Redirect 301 /categories/Daily-Life-Hack/Small-Rolling-Wall-Paint-Repair-Brush /categories/daily-life-hack/small-rolling-wall-paint-repair-brush
Redirect 301 /categories/Home-Improvement-Gadgets/Wall-Mounted-Multipurpose-Non-Perforation-Storage-Box /categories/home-improvement-gadgets/wall-mounted-multipurpose-non-perforation-storage-box
Redirect 301 /categories/Home-Improvement-Gadgets/Plastic-Storage-Organizers-Stackable-Storage-Bins-with-Open-Front-Door /categories/home-improvement-gadgets/plastic-storage-organizers-stackable-storage-bins-with-open-front-door
Redirect 301 /categories/Home-Office-Decor/16-Colors-Changing-Rose-Crystal-Diamond-Table-Lamp /categories/home-office-decor/16-colors-changing-rose-crystal-diamond-table-lamp
Redirect 301 /categories/Kitchen-Accessories/Electric-Mini-Fruit-Vegetable-Chopper /categories/kitchen-accessories/electric-mini-fruit-vegetable-chopper
Redirect 301 /categories/Kitchen-Accessories/Egg-Holder-for-Refrigerator /categories/kitchen-accessories/egg-holder-for-refrigerator
Redirect 301 /categories/Kitchen-Accessories/Thumb-Knife-Finger-Silicon-Thumb-Cutter /categories/kitchen-accessories/thumb-knife-finger-silicon-thumb-cutter
Redirect 301 /categories/Smart-Tech/Magnetic-Levitation-Led-Floating-Moon-Lamp /categories/smart-tech/magnetic-levitation-led-floating-moon-lamp
Redirect 301 /categories/Kitchen-Accessories/Microfiber-Cleaning-Cloths /categories/kitchen-accessories/microfiber-cleaning-cloths
Redirect 301 /categories/Home-Improvement-Gadgets/shoe-rack-multi-layer-storage /categories/home-improvement-gadgets/shoe-rack-multi-layer-storage
Redirect 301 /categories/Daily-Life-Hack/Clothes-Hanger-Wardrobe-Storage-Organizer-Rack /categories/daily-life-hack/clothes-hanger-wardrobe-storage-organizer-rack
Redirect 301 /categories/Kitchen-Accessories/Silicone-Faucet-Extender /categories/kitchen-accessories/silicone-faucet-extender
Redirect 301 /categories/Daily-Life-Hack/2-in-1-Tooth-Cleaning-Dental-Floss /categories/daily-life-hack/2-in-1-tooth-cleaning-dental-floss
Redirect 301 /categories/Daily-Life-Hack/Self-Cleaning-Slicker-Brush-for-Pet-Brush-for-Shedding-and-Grooming-Pet /categories/daily-life-hack/self-cleaning-slicker-brush-for-pet-brush-for-shedding-and-grooming-pet
Redirect 301 /categories/Home-Improvement-Gadgets/Heavy-Furniture-Lifter-and-Mover-Tool-Set /categories/home-improvement-gadgets/heavy-furniture-lifter-and-mover-tool-set
Redirect 301 /categories/Home-Improvement-Gadgets/Metal-Floor-Wiper-with-Long-Rod /categories/home-improvement-gadgets/metal-floor-wiper-with-long-rod
Redirect 301 /categories/Home-Improvement-Gadgets/Portable-Shoe-Rack-Organizer /categories/home-improvement-gadgets/portable-shoe-rack-organizer
Redirect 301 /categories/Kids-and-Babies/Silicone-Food-Fruit-Nibbler /categories/kids-and-babies/silicone-food-fruit-nibbler
Redirect 301 /categories/Kids-and-Babies/math-practice-stamps-for-kids /categories/kids-and-babies/math-practice-stamps-for-kids
Redirect 301 /categories/Kitchen-Accessories/Aluminum-Foil-Gas-Burner-Covers /categories/kitchen-accessories/aluminum-foil-gas-burner-covers
Redirect 301 /categories/Kitchen-Accessories/Kitchen-Sink-Drain-Basket /categories/kitchen-accessories/kitchen-sink-drain-basket
Redirect 301 /categories/Daily-Life-Hack/automatic-shoe-cover-dispenser-waterproof /categories/daily-life-hack/automatic-shoe-cover-dispenser-waterproof
Redirect 301 /categories/Daily-Life-Hack/plastic-shoe-slots-organizer-space-saver /categories/daily-life-hack/plastic-shoe-slots-organizer-space-saver
Redirect 301 /categories/Home-Improvement-Gadgets/rice-storage-container-with-lid-and-measuring-cup /categories/home-improvement-gadgets/rice-storage-container-with-lid-and-measuring-cup
Redirect 301 /categories/Daily-Life-Hack/multifunction-closet-crganizer-magic-space-saving-hangers-with-9-holes /categories/daily-life-hack/multifunction-closet-crganizer-magic-space-saving-hangers-with-9-holes
Redirect 301 /categories/Kitchen-Accessories/Multi-Purpose-Vegetables-Chopper-with-Strainer /categories/kitchen-accessories/multi-purpose-vegetables-chopper-with-strainer
Redirect 301 /categories/Kids-and-Babies/portable-baby-crib-cot /categories/kids-and-babies/portable-baby-crib-cot
Redirect 301 /categories/Health-and-Fitness/electric-razor-for-men-mini-portable-shaver /categories/health-and-fitness/electric-razor-for-men-mini-portable-shaver
Redirect 301 /categories/Daily-Life-Hack/2-Modes-Water-Spraying-Nozzle-for-Bottle /garden-and-agricultural-accessories/2-modes-water-spraying-nozzle-for-bottle
Redirect 301 /categories/Bike-and-Car-Gadgets/Car-Steering-Wheel-Food-Tray-and-Laptop-Holder /categories/bike-and-car-gadgets/car-steering-wheel-food-tray-and-laptop-holder
Redirect 301 /categories/Daily-Life-Hack/collapsible-silicone-travel-water-bottle /categories/daily-life-hack/collapsible-silicone-travel-water-bottle
Redirect 301 /categories/Kids-and-Babies/Wall-Climbing-Toys /categories/kids-and-babies/wall-climbing-toys
Redirect 301 /categories/Kids-and-Babies/Vibrating-Jumping-Fish /categories/kids-and-babies/vibrating-jumping-fish
Redirect 301 /categories/Home-Office-Decor/Wifi-Router-Storage-Case-Power-Charger-Organizer /categories/home-office-decor/wifi-router-storage-case-power-charger-organizer
Redirect 301 /categories/Daily-Life-Hack/Clear-Corner-Protector-from-Injuries /categories/daily-life-hack/clear-corner-protector-from-injuries
Redirect 301 /categories/Kitchen-Accessories/creative-meatball-maker-set /categories/kitchen-accessories/creative-meatball-maker-set
Redirect 301 /categories/Bathroom-Accessories/portable-foldable-bathtub /categories/bathroom-accessories/portable-foldable-bathtub
Redirect 301 /categories/Health-and-Fitness/natural-latex-tatami-mattresses-massage /categories/health-and-fitness/natural-latex-tatami-mattresses-massage
Redirect 301 /categories/Health-and-Fitness/bunion-corrector-for-women-and-men-splint-with-toe-fracture /categories/health-and-fitness/bunion-corrector-for-women-and-men-splint-with-toe-fracture
Redirect 301 /categories/Health-and-Fitness/best-blackhead-remover-with-green-tea-extract /categories/health-and-fitness/best-blackhead-remover-with-green-tea-extract
Redirect 301 /categories/Health-and-Fitness/Disposable-Underarm-Sweat-Pads /categories/health-and-fitness/disposable-underarm-sweat-pads
Redirect 301 /categories/Ladies-Products/heated-eyelash-curlers /categories/ladies-products/heated-eyelash-curlers
Redirect 301 /categories/Ladies-Products/Double-Sided-Body-Tape /categories/ladies-products/double-sided-body-tape
Redirect 301 /categories/Bike-and-Car-Gadgets/Car-Bike-Wheel-Air-Valve-Cap-Cover-with-Glow-Light-Effect /categories/bike-and-car-gadgets/car-bike-wheel-air-valve-cap-cover-with-glow-light-effect
Redirect 301 /categories/Bike-and-Car-Gadgets/Car-Dashboard-All-in-One-Anti-Slip-Gel-Non-Slip%20Rubber-Mat-Pad /categories/bike-and-car-gadgets/car-dashboard-all-in-one-anti-slip-gel-non-slip-rubber-mat-pad
Redirect 301 /categories/Bathroom-Accessories/1080-degree-rotating-multifunctional-water-tap-extender /categories/home-improvement-gadgets/1080-degree-rotating-multifunctional-water-tap-extender
Redirect 301 /categories/Smart-Tech/5-in-1-wireless-charging-station /categories/smart-tech/5-in-1-wireless-charging-station
Redirect 301 /categories/Smart-Tech/Adjustable-Folding-Stand-for-Tablet-and-Mobile /categories/smart-tech/adjustable-folding-stand-for-tablet-and-mobile
Redirect 301 /categories/Smart-Tech/Foldable-360-Degree-Rotating-Laptop-Stand /categories/smart-tech/foldable-360-degree-rotating-laptop-stand
Redirect 301 /categories/Smart-Tech/2-in-1-Calculator-with-Erasable-LCD-Writing-Pad /categories/smart-tech/2-in-1-calculator-with-erasable-lcd-writing-pad
Redirect 301 /categories/Smart-Tech/Portable-Mini-Three-Folding-Bluetooth-Keyboard-with-Touchpad /categories/smart-tech/portable-mini-three-folding-bluetooth-keyboard-with-touchpad
Redirect 301 /categories/Smart-Tech/Cold-Press-Slow-Juicer-Portable-Slow-Juicer /categories/smart-tech/cold-press-slow-juicer-portable-slow-juicer
Redirect 301 /categories/Smart-Tech/Fingerprint-Smart-Padlock /categories/smart-tech/fingerprint-smart-padlock
Redirect 301 /categories/Smart-Tech/Electric-Handheld-Cordless-Portable-Sewing-Machine /categories/smart-tech/electric-handheld-cordless-portable-sewing-machine
Redirect 301 /categories/Smart-Tech/Portable-Power-Cleaner-with-Multi-Function-Nozzle /categories/smart-tech/portable-power-cleaner-with-multi-function-nozzle
Redirect 301 /categories/Smart-Tech/Portable-Printer /categories/smart-tech/portable-printer
Redirect 301 /categories/Smart-Tech/Intelligent-Voice-Control-USB-Lamp /categories/smart-tech/intelligent-voice-control-usb-lamp
Redirect 301 /categories/Smart-Tech/All-in-One-Mobile-Accessories-Set /categories/smart-tech/all-in-one-mobile-accessories-set
Redirect 301 /categories/Smart-Tech/Portable-Rechargeable-Neck-Fan /categories/smart-tech/portable-rechargeable-neck-fan
Redirect 301 /categories/Bathroom-Accessories/silicone-body-scrubber /categories/bathroom-accessories/silicone-body-scrubber
Redirect 301 /categories/Bathroom-Accessories/shower-foot-massager-scrubber /categories/bathroom-accessories/shower-foot-massager-scrubber
Redirect 301 /categories/Bathroom-Accessories/rotating-corner-shelves /categories/bathroom-accessories/rotating-corner-shelves
Redirect 301 /categories/Bathroom-Accessories/high-pressure-360-rotating-water-saving-shower /categories/bathroom-accessories/high-pressure-360-rotating-water-saving-shower
Redirect 301 /categories/Kitchen-Accessories/6-grid-rotating-grain-rice-dispenser /categories/kitchen-accessories/6-grid-rotating-grain-rice-dispenser
Redirect 301 /categories/Kitchen-Accessories/3-In-1-Stainless-Steel-Apple-Peeler /categories/kitchen-accessories/3-In-1-stainless-steel-apple-peeler
Redirect 301 /categories/Daily-Life-Hack/Ice-Ball-Maker /categories/daily-life-hack/ice-ball-maker
Redirect 301 /categories/Kitchen-Accessories/ABS-Plastic-Hanging-Wall-Mounted-Foldable-Trash-Can-for-Kitchen /categories/kitchen-accessories/abs-plastic-hanging-wall-mounted-foldable-trash-can-for-kitchen
Redirect 301 /categories/Kitchen-Accessories/4-in-1-Handheld-Portable-Wireless-Electric-Vegetable-Cutter /categories/kitchen-accessories/4-in-1-handheld-portable-wireless-electric-vegetable-cutter
Redirect 301 /categories/Kitchen-Accessories/Portable-Electric-Shaker-Bottle /categories/kitchen-accessories/portable-electric-shaker-bottle
Redirect 301 /categories/Kitchen-Accessories/Electric-Vacuum-Food-Sealer /categories/kitchen-accessories/electric-vacuum-food-sealer
Redirect 301 /categories/Kitchen-Accessories/Stainless-Steel-Noodle-Maker /categories/kitchen-accessories/stainless-steel-noodle-maker
Redirect 301 /categories/Kitchen-Accessories/Portable-Cordless-Fruit-Juicer /categories/kitchen-accessories/portable-cordless-fruit-juicer
Redirect 301 /categories/Kitchen-Accessories/Vegetable-Peeler-with-Container /categories/kitchen-accessories/vegetable-peeler-with-container
Redirect 301 /categories/Kitchen-Accessories/Double-Head-Automatic-Dumpling-Maker /categories/kitchen-accessories/double-head-automatic-dumpling-maker
Redirect 301 /categories/Kitchen-Accessories/All-in-One-Vegetable-and-Fruits-Cutter /categories/kitchen-accessories/all-in-one-vegetable-and-fruits-cutter
Redirect 301 /categories/Kitchen-Accessories/Automatic-Egg-Roll-Maker /categories/kitchen-accessories/automatic-egg-roll-maker
Redirect 301 /categories/Kitchen-Accessories/3-in-1-Collapsible-Cutting-Board /categories/kitchen-accessories/3-in-1-collapsible-cutting-board
Redirect 301 /categories/Kitchen-Accessories/Stainless-Steel-Watermelon-Cutting-Slicer /categories/kitchen-accessories/stainless-steel-watermelon-cutting-slicer
Redirect 301 /categories/Kitchen-Accessories/Stainless-Steel-Flexible-360-Degree-Rotating-2-Modes-Water-Saving-Faucet /categories/kitchen-accessories/stainless-steel-flexible-360-degree-rotating-2-modes-water-saving-faucet
Redirect 301 /categories/Kitchen-Accessories/Foldable-Kitchen-Wall-Cleaner-Brush /categories/kitchen-accessories/foldable-kitchen-wall-cleaner-brush
Redirect 301 /categories/Kitchen-Accessories/Leak-Proof-Oil-and-Sauce-Dispenser-Bottle /categories/kitchen-accessories/leak-proof-oil-and-sauce-dispenser-bottle
Redirect 301 /categories/Kitchen-Accessories/Convenient-and-Stylish-Spice-Shaker-Set /categories/kitchen-accessories/convenient-and-stylish-spice-shaker-set
Redirect 301 /categories/Home-Improvement-Gadgets/thermostatic-shower-panel-with-piano-switches-and-digital-display /categories/home-improvement-gadgets/thermostatic-shower-panel-with-piano-switches-and-digital-display
Redirect 301 /categories/Home-Improvement-Gadgets/wall-mounted-toothbrush-holder /categories/home-improvement-gadgets/wall-mounted-toothbrush-holder
Redirect 301 /categories/Home-Improvement-Gadgets/adjustable-stretchable-interlocking-drawer-divider /categories/home-improvement-gadgets/adjustable-stretchable-interlocking-drawer-divider
Redirect 301 /categories/Home-Improvement-Gadgets/Plastic-Automatic-Smart-Sensor-Dustbin-with-Lid /categories/home-improvement-gadgets/plastic-automatic-smart-sensor-dustbin-with-lid
Redirect 301 /categories/Home-Improvement-Gadgets/Collapsible-Fabric-Storage-Cubes-Organizer-with-Handles /categories/home-improvement-gadgets/collapsible-fabric-storage-cubes-organizer-with-handles
Redirect 301 /categories/Home-Improvement-Gadgets/Multifunctional-Wall-Mounted-Space-Saving-Toothpaste-Squeezer /categories/home-improvement-gadgets/multifunctional-wall-mounted-space-saving-toothpaste-squeezer
Redirect 301 /categories/Home-Improvement-Gadgets/Dustpan-and-Brush-Sets-Sweeping-Dust-Large-Capacity /categories/home-improvement-gadgets/dustpan-and-brush-sets-sweeping-dust-large-capacity
Redirect 301 /categories/Home-Improvement-Gadgets/3-in-1-Slippers-Rack-Shoes-Organizer-Towel-Storage-for-Bathroom /categories/home-improvement-gadgets/3-in-1-slippers-rack-shoes-organizer-towel-storage-for-bathroom
Redirect 301 /categories/Home-Improvement-Gadgets/Automatic-Wireless-Water-Can-Dispenser-Pump /categories/home-improvement-gadgets/automatic-wireless-water-can-dispenser-pump
Redirect 301 /categories/Home-Improvement-Gadgets/360-Degree-Rotatable-Adjustable-Cleaning-Mop /categories/home-improvement-gadgets/360-degree-rotatable-adjustable-cleaning-mop
Redirect 301 /categories/Home-Improvement-Gadgets/Foldable-and-Portable-Wooden-Study-Table-Writing-Desk-for-Office-Home-School /categories/home-improvement-gadgets/foldable-and-portable-wooden-study-table-writing-desk-for-office-home-school
Redirect 301 /categories/Home-Improvement-Gadgets/Mini-Usb-Led-Light /categories/home-improvement-gadgets/mini-usb-led-light
Redirect 301 /categories/Daily-Life-Hack/3-in-1-Magnetic-Sunglasses /categories/daily-life-hack/3-in-1-magnetic-sunglasses
Redirect 301 /categories/Daily-Life-Hack/Waterproof-Dry-and-Wet-Separation-Foldable-Large-Capacity-Beam-Mouth-Bag /categories/daily-life-hack/waterproof-foldable-large-capacity-beam-mouth-bag
Redirect 301 /categories/Daily-Life-Hack/Mini-Portable-Folding-Washing-Machine /categories/daily-life-hack/mini-portable-folding-washing-machine
Redirect 301 /categories/Daily-Life-Hack/Self-Adhesive-Wall-Hooks-Power-Plug-Socket-Holder /categories/daily-life-hack/self-adhesive-wall-hooks-power-plug-socket-holder
Redirect 301 /categories/Daily-Life-Hack/Mountable-Compost-Bin-for-Kitchen-Bathroom-Bedroom /categories/daily-life-hack/mountable-compost-bin-for-kitchen-bathroom-bedroom
Redirect 301 /categories/Daily-Life-Hack/Double-Layer-10-Grid-Candy-Snack-Storage /categories/daily-life-hack/double-layer-10-grid-candy-snack-storage
Redirect 301 /categories/Daily-Life-Hack/5-in-1-Multi-Functional-Electric-Cleaning-Brush /categories/daily-life-hack/5-in-1-multi-functional-electric-cleaning-brush
Redirect 301 /categories/Daily-Life-Hack/Folding-Supermarket-Shopping-Bag-with-Zipper /categories/daily-life-hack/folding-supermarket-shopping-bag-with-zipper
Redirect 301 /categories/Daily-Life-Hack/Metal-Steel-Professional-Trick-Prop-Stretchable-Extendable-Stick /categories/daily-life-hack/metal-steel-professional-trick-prop-stretchable-extendable-stick
Redirect 301 /categories/Daily-Life-Hack/Weight-Machine-For-Luggage-Weighing-Scale /categories/daily-life-hack/weight-machine-for-luggage-weighing-scale
Redirect 301 /categories/Daily-Life-Hack/5-in-1%20Multi-functional-Keyboard-Computer-Cleaning-Tools /categories/daily-life-hack/5-in-1-multi-functional-keyboard-computer-cleaning-tools
Redirect 301 /categories/Daily-Life-Hack/Multi-Purpose-Duct-Tape /categories/daily-life-hack/multi-purpose-duct-tape
Redirect 301 /categories/Daily-Life-Hack/Round-Clothes-Drying-Hanger /categories/daily-life-hack/round-clothes-drying-hanger
Redirect 301 /categories/Daily-Life-Hack/Double-Sided-Multipurpose-Removable-Tape /categories/daily-life-hack/double-sided-multipurpose-removable-tape
Redirect 301 /categories/Daily-Life-Hack/Water-Can-Lifter-Handle /categories/daily-life-hack/water-can-lifter-handle
Redirect 301 /categories/Daily-Life-Hack/Adjustable-Non-Slip-TV-Screen-Top-Storage-Shelf /categories/daily-life-hack/adjustable-non-slip-tv-screen-top-storage-shelf
Redirect 301 /categories/Daily-Life-Hack/Stainless-Steel-Airtight-Lunch-Box /categories/daily-life-hack/stainless-steel-airtight-lunch-box
Redirect 301 /categories/Daily-Life-Hack/Eco-Friendly-Folding-Shopping-Bag /categories/kitchen-accessories/eco-friendly-folding-shopping-bag
Redirect 301 /categories/Daily-Life-Hack/Foldable-Shopping-Trolley-Bag-with-Wheels /categories/daily-life-hack/foldable-shopping-trolley-bag-with-wheels
Redirect 301 /categories/Home-Office-Decor/Moving-Sand-Art-Picture-Glass-Liquid-Painting-3D-Natural-Landscape-Showpieces /categories/home-office-decor/moving-sand-art-picture-glass-liquid-painting-3d-natural-landscape-showpieces
Redirect 301 /categories/Health-and-Fitness/neck-and-shoulder-massager-with-heat-for-pain-relief /categories/health-and-fitness/neck-and-shoulder-massager-with-heat-for-pain-relief
Redirect 301 /categories/Smart-Tech/Air-Fryer-Fry-Light-Cooking-Pan /categories/smart-tech/air-fryer-fry-light-cooking-pan
Redirect 301 /categories/Bathroom-Accessories/Wall-Mounted-Toilet-Cleaning-Brush /categories/bathroom-accessories/wall-mounted-toilet-cleaning-brush
Redirect 301 /categories/Bathroom-Accessories/manual-wall-wounted-bathroom-liquid-soap-dispenser /categories/bathroom-accessories/manual-wall-wounted-bathroom-liquid-soap-dispenser
Redirect 301 /categories/Kitchen-Accessories/2-in-1-Home-Sink-Organizer /categories/kitchen-accessories/2-in-1-home-sink-organizer
Redirect 301 /categories/Kitchen-Accessories/Silicone-Big-Ice-Ball-Maker /categories/kitchen-accessories/silicone-big-ice-ball-maker
Redirect 301 /categories/Kitchen-Accessories/Mini-Electric-Cooking-Pot /categories/kitchen-accessories/mini-electric-cooking-pot
Redirect 301 /categories/Home-Improvement-Gadgets/tiles-sticker-marble-wallpaper-waterproof /categories/home-improvement-gadgets/tiles-sticker-marble-wallpaper-waterproof
Redirect 301 /categories/Home-Improvement-Gadgets/5-Layer-Collapsible-Shoe-Rack /categories/home-improvement-gadgets/5-layer-collapsible-shoe-rack
Redirect 301 /categories/Home-Improvement-Gadgets/Bean-Bag-Cover-with-Footrest-and-Cushion /categories/home-improvement-gadgets/bean-bag-cover-with-footrest-and-cushion
Redirect 301 /categories/Home-Improvement-Gadgets/Manual-Wall-Liquid-Soap-Dispenser-for-Wash-Basin /categories/home-improvement-gadgets/manual-wall-liquid-soap-dispenser-for-wash-basin
Redirect 301 /categories/Daily-Life-Hack/Floor-Cleaning-Paper-soap-for-Home-Kitchen-Bathroom /categories/daily-life-hack/floor-cleaning-paper-soap-for-home-kitchen-bathroom
Redirect 301 /categories/Daily-Life-Hack/Craft-Punches-Machine /categories/daily-life-hack/craft-punches-machine
Redirect 301 /categories/Kids-and-Babies/dancing-cactus-talking-cactus-baby-toys /categories/kids-and-babies/dancing-cactus-talking-cactus-baby-toys
Redirect 301 /categories/Kitchen-Accessories/2-in-1-Manual-Dumpling-Maker /categories/kitchen-accessories/2-in-1-manual-dumpling-maker
Redirect 301 /categories/Daily-Life-Hack/Mattress-Lifter-Bed-Sheet-Tucker-Tool /categories/daily-life-hack/mattress-lifter-bed-sheet-tucker-tool
Redirect 301 /categories/Smart-Tech/Mini-Portable-Thermal-Pocket-Printer /categories/smart-tech/mini-portable-thermal-pocket-printer
Redirect 301 /categories/Home-Office-Decor/musical-rope-climbing-santa-claus /categories/home-office-decor/musical-rope-climbing-santa-claus
Redirect 301 /categories/Smart-Tech/Handheld-Cordless-Vacuum-Cleaner-for-Cleaning-Bed-Pillows-Clothes-Sofa /categories/smart-tech/handheld-cordless-vacuum-cleaner-for-cleaning-bed-pillows-clothes-sofa
Redirect 301 /categories/Bike-and-Car-Gadgets/Car-inverter-Car-Charging-Adapter /categories/bike-and-car-gadgets/car-inverter-car-charging-adapter
Redirect 301 /categories/Home-Improvement-Gadgets/motion-sensor-light-for-home /categories/home-improvement-gadgets/motion-sensor-light-for-home
Redirect 301 /categories/Health-and-Fitness/adjustable-bed-backrest-for-sitting-up-in-bed /categories/health-and-fitness/adjustable-bed-backrest-for-sitting-up-in-bed
Redirect 301 /categories/Daily-Life-Hack/walnut-cracker-clip-squirrel-shape /categories/daily-life-hack/walnut-cracker-clip-squirrel-shape
Redirect 301 /categories/Kitchen-Accessories/silicone-faucet-mat-for-kitchen /categories/kitchen-accessories/silicone-faucet-mat-for-kitchen
Redirect 301 /categories/Ladies-Products/Microfiber-Women's-Hair-Wrap-Bath-Towel /categories/ladies-products/microfiber-women-hair-wrap-bath-towel
Redirect 301 /categories/Daily-Life-Hack/Keychain-Style-Pocket-Cutter-with-Screwdriver /categories/daily-life-hack/keychain-style-pocket-cutter-with-screwdriver
Redirect 301 /categories/Home-Improvement-Gadgets/No-Drilling-Foldable-Rack-180-Degree-Rotating /categories/home-improvement-gadgets/no-drilling-foldable-rack-180-degree-rotating
Redirect 301 /categories/Daily-Life-Hack/Bottle-Water-Dispenser /categories/daily-life-hack/bottle-water-dispenser
Redirect 301 /categories/Kids-and-Babies/Rocket-Launch-Sprinkler-Toy /categories/kids-and-babies/rocket-launch-sprinkler-toy
Redirect 301 /categories/Daily-Life-Hack/Mosquito-Coil-Box-with-Handle /categories/daily-life-hack/mosquito-coil-box-with-handle
Redirect 301 /categories/Daily-Life-Hack/Water-Bottle-with-Pill-Holder /categories/daily-life-hack/water-bottle-with-pill-holder
Redirect 301 /categories/Kids-and-Babies/cartoon-toy-money-bank-for-kids /categories/kids-and-babies/cartoon-toy-money-bank-for-kids
Redirect 301 /categories/Daily-Life-Hack/Magnetic-Brush-for-High-rise-Single-Glazed-Windows-Cleaning /categories/daily-life-hack/magnetic-brush-for-high-rise-single-glazed-windows-cleaning
Redirect 301 /categories/Smart-Tech/7-in-1-Multifunctional-Cleaning-Kit /categories/smart-tech/7-in-1-multifunctional-cleaning-kit
Redirect 301 /categories/Smart-Tech/Mini-Handheld-Portable-Fan /categories/smart-tech/mini-handheld-portable-fan
Redirect 301 /categories/Daily-Life-Hack/Automatic-Tape-Dispenser /categories/daily-life-hack/automatic-tape-dispenser
Redirect 301 /categories/Daily-Life-Hack/Waterproof-Foldable-Large-Capacity-Beam-Mouth-Bag /categories/daily-life-hack/waterproof-foldable-large-capacity-beam-mouth-bag
Redirect 301 /categories/Home-Office-Decor/magic-growing-crystal-christmas-tree /categories/home-office-decor/magic-growing-crystal-christmas-tree
Redirect 301 /categories/Home-Office-Decor/Magnetic-Levitation-Led-Floating-Moon-Lamp /categories/home-office-decor/magnetic-levitation-led-floating-moon-lamp
Redirect 301 /categories/Bathroom-Accessories/toilet-seat-lifter-handle-clip /categories/bathroom-accessories/toilet-seat-lifter-handle-clip
Redirect 301 /categories/Home-Office-Decor/Metal-Balance-Eagle-with-Eiffel-Tower /categories/home-office-decor/metal-balance-eagle-with-eiffel-tower

ErrorDocument 404 https://rareosphere.com/page-not-found 


